# p1	seed64	light	dark	winner	reason	2-char-actions
p1	1umu_-	rust-pathfinder-v0.1.0	lunatic-v0.1.0	L	P	0h0c0A0a0T0Z030a0b0M0O0U0N0i0g0U0G0d0H0e0k0f0W0b0d000P
p1	1umu__	lunatic-v0.1.0	rust-pathfinder-v0.1.0	D	P	0M08070E0L00090102030802040506040D0X0K0H0R0I0Y0m0W0l0X0Q0J0c0d0e0k0d6c0a7U4X8D0P040j0V3S0gYd4KF35QU0
p1	1umu_y	rust-pathfinder-v0.1.0	lunatic-v0.1.0	L	P	010N0J0L0M080F0T0a080Q070C05060X0D090e0G0X0E0l
p1	1umu_z	lunatic-v0.1.0	rust-pathfinder-v0.1.0	D	P	0c0503040A020H0301000801060B0C0J0B0K0C0D0Q07090J0E0C
p1	1umv0-	rust-pathfinder-v0.1.0	lunatic-v0.1.0	L	P	0F0J0801000M0T0a070M0G0N0U0b0L0N0h090T0Z0a0M0S0E0G0H0U020N
p1	1umv00	rust-pathfinder-v0.1.0	lunatic-v0.1.0	L	P	0M0Q0F0100070E0T070N0O0P0N0R0V0c0j0S0c
p1	1umv01	lunatic-v0.1.0	rust-pathfinder-v0.1.0	D	P	0G0g0i0N0U0h0b0j020i0k0l090k0m0W0e0X0N0Y0c0d
p1	1umv02	rust-pathfinder-v0.1.0	lunatic-v0.1.0	D	P	0R0B040D0I070B0W0P0S000T030U0O0V020H060J0K0I0M0F0P0Y0f0I0d0k0P0Y0X0Q0I0e080X
p1	1umv03	lunatic-v0.1.0	rust-pathfinder-v0.1.0	D	P	0W0N0P04030205030B060C050009070G0E0U0L0V0S0a0Z0g0b0h0a0T0i0a
p1	1umv04	rust-pathfinder-v0.1.0	lunatic-v0.1.0	L	P	0X0h0e0l0B0g0m00040E020F030G0C0J050I0Q0H0K0J0P0f070d0D0V0W0O2k0c3c0e4U
p1	1umv05	lunatic-v0.1.0	rust-pathfinder-v0.1.0	D	P	090g0i0U0T0S0V0W0T0V010F020M0X0N050Y0C0X000E
p1	1umv06	rust-pathfinder-v0.1.0	lunatic-v0.1.0	L	P	0Q0E0J05060D0K0X0D0S000T010U020V0B0W0e0Y0X0l0d0k0m0f0d0c0R031M0i0j0c27010c
p1	1umv07	lunatic-v0.1.0	rust-pathfinder-v0.1.0	D	P	0B0L0P0I0H030J0405060C05010209000801
p1	1umv08	rust-pathfinder-v0.1.0	lunatic-v0.1.0	L	P	0k0R0B0P0I0L0W0d0P0Z0V0c0j0a0O0c0b040U0i0H0X0h000i010A03ZG098h059L
p1	1umv09	lunatic-v0.1.0	rust-pathfinder-v0.1.0	D	P	0W0a0d0A0B0C040c0b0e0Z0g0f090B070D080I060P0C0k0B050Q0J0O0X000P0C0N0K010D
p1	1umv0A	rust-pathfinder-v0.1.0	lunatic-v0.1.0	L	P	0e0h0B0g0l00040E0I0F020G0P0H0J0O0Q0X0Y010W030X
p1	1umv0B	lunatic-v0.1.0	rust-pathfinder-v0.1.0	L	P	0k0a0d0A0B0C040O0B0I0P0L0N0e090b0D0c0I0l0m0O0d0U0W
p1	1umv0C	rust-pathfinder-v0.1.0	lunatic-v0.1.0	L	P	0N0e0U0b0i0Z0b02000107030F0408050G
p1	1umv0D	lunatic-v0.1.0	rust-pathfinder-v0.1.0	D	P	0R080D0K0J0I000J070M090L020H0G0F0N0G
p1	1umv0E	rust-pathfinder-v0.1.0	lunatic-v0.1.0	L	P	030204000A0H0O0V0H0S0c0T0j0V0U0N0G0b0a0h0W010V
p1	1umv0F	lunatic-v0.1.0	rust-pathfinder-v0.1.0	D	P	0d0W0P0V0W0X040W0S0Y0002070N0L0E0F0O0Z0G080F
p1	1umv0G	rust-pathfinder-v0.1.0	lunatic-v0.1.0	L	P	0f0h0Y0m020g0k0a0b0c0l0R0K0e0R0D060d0D0U0X000e
p1	1umv0H	lunatic-v0.1.0	rust-pathfinder-v0.1.0	D	P	0g00010203010A040H0305060B05
p1	1umv0I	rust-pathfinder-v0.1.0	lunatic-v0.1.0	L	P	0R0b0U0N000Z0a070h080E0T070Y0L0K0M0S0T
p1	1umv0J	lunatic-v0.1.0	rust-pathfinder-v0.1.0	D	P	0Q0Y0X0W050X0e0d0c0X0V0U030d0V0T0O0P0A0H0G0S0j0N0I0O
p1	1umv0K	rust-pathfinder-v0.1.0	lunatic-v0.1.0	L	P	0h0b0V0Z0S0L0a0M0O0H090G0N0F0G0T0U020S000108070E0T08070308
p1	1umv0L	lunatic-v0.1.0	rust-pathfinder-v0.1.0	D	P	0N0a0b0Z020c090W0b0U0d0V0P0O0W0k040T0B0I0J0G0j0i0N0b0j0X0H0W0h0Y
p1	1umv0M	rust-pathfinder-v0.1.0	lunatic-v0.1.0	L	P	0h0i0E0g0d0k0j0W0U0c080h0V0X0c0L0F07090M0T0N0G0M0O0a01000H
p1	1umv0N	lunatic-v0.1.0	rust-pathfinder-v0.1.0	D	P	0S0K0E0L0M0N000M030O040P050J010I
p1	1umv0O	rust-pathfinder-v0.1.0	lunatic-v0.1.0	L	P	0m010002070E0L0S0E0T0Z0U0S0g0M0F0304090G0M0a0h0i0c0V0h0j0b030a
p1	1umv0P	lunatic-v0.1.0	rust-pathfinder-v0.1.0	D	P	0F0c0a000108090702040G0A0M0905030B060C05
p1	1umv0Q	rust-pathfinder-v0.1.0	lunatic-v0.1.0	L	P	060T0S0702080D0K0R090K0Y0M0F0f0M0Y0m000e0d0U0e0V0k
p1	1umv0R	lunatic-v0.1.0	rust-pathfinder-v0.1.0	D	P	0W0h0k0d0c070e0B0A090C0A080D050I0C0P0J0K0Q0J0O0d01030G0N0M0F0G0E020H040G
p1	1umv0S	rust-pathfinder-v0.1.0	lunatic-v0.1.0	L	P	0G0103000A0L090N0H0O060M0U0P0N0b0i0Q0b
p1	1umv0T	lunatic-v0.1.0	rust-pathfinder-v0.1.0	D	P	0a0m0h070809010A080g0F0i0j0E0h0G0M0F0B040502030H0I0C0J040C060B050O020003
p1	1umv0U	rust-pathfinder-v0.1.0	lunatic-v0.1.0	L	P	060X0M0S0F0T0a0U0T08010h0N0G0g0E030F0Z0H080I0F
p1	1umv0V	lunatic-v0.1.0	rust-pathfinder-v0.1.0	D	P	0M0Q010F08000F020T010304090305060A05
p1	1umv0W	rust-pathfinder-v0.1.0	lunatic-v0.1.0	L	P	070R000L0E0M0S0N0L0Z0g0O0Z
p1	1umv0X	lunatic-v0.1.0	rust-pathfinder-v0.1.0	D	P	0205090P0N0G0F0E0H000F010G030402060W0A050C040B070U080D0V0b0T0i0J0U0z0S0K
p1	1umv0Y	rust-pathfinder-v0.1.0	lunatic-v0.1.0	L	P	0S0m010g0i0704080A090B0G020H0O0I0H0N0M0U0N0T0b0F0U
p1	1umv0Z	lunatic-v0.1.0	rust-pathfinder-v0.1.0	D	P	0D0E0K0X0Y0R0W0Q040X0B0H0I0P0G05060H0N0O020F090G
p1	1umv0_	lunatic-v0.1.0	rust-pathfinder-v0.1.0	D	P	030R0O0G0H0I0A0H0E0F0007050J080M0L0N0T0a010T020K040S
p1	1umv0a	rust-pathfinder-v0.1.0	lunatic-v0.1.0	L	P	0B050403010204000J010Q0X0C0A0I0H0P0W0d0O0k0W0e0V0X
p1	1umv0b	lunatic-v0.1.0	rust-pathfinder-v0.1.0	D	P	030X0V0W0A0U0H0T0V0O0N0M0P0Q000L060R0N0G0F0c010V
p1	1umv0c	rust-pathfinder-v0.1.0	lunatic-v0.1.0	L	P	0l0H0Q0J0C0X0e0J0I0X0005070S0E0T0L0U0Z0V0S0g0h0i0O0a0h0P0b0B0a
p1	1umv0d	lunatic-v0.1.0	rust-pathfinder-v0.1.0	D	P	0708090M0L0E0N0F0G0H020G0I0J0K0I060D0C05040C
p1	1umv0e	rust-pathfinder-v0.1.0	lunatic-v0.1.0	L	P	070T0W000102060E0B040I010C0P0D0d0H0O0V0c050O0A090L0S0l0Q0K0R0Y0G0R1F0f1Y0e
p1	1umv0f	lunatic-v0.1.0	rust-pathfinder-v0.1.0	D	P	0f0G0K0R0Y0m0l0R0Q0J0C0j050k0J0l0i0b0U0h0N0g090i
p1	1umv0g	rust-pathfinder-v0.1.0	lunatic-v0.1.0	L	P	0J0R0E0L0Q0P0S0M0L07000Z070T0g0N0Z
p1	1umv0h	lunatic-v0.1.0	rust-pathfinder-v0.1.0	D	P	0b0A090802090G01000907010F0Z0E0M0N0F0L0T0M040a0S0T0U0V0T0O0M050B030Y0H0W0A0V1N002V0V360X
p1	1umv0i	rust-pathfinder-v0.1.0	lunatic-v0.1.0	L	P	0S020304060001030h080D0K0m0C0R0Y0K0Q0f050Y
p1	1umv0j	lunatic-v0.1.0	rust-pathfinder-v0.1.0	D	P	0K02060D0C0B000C070I0E0Z0L0S0T0U0M0T0a0V0T0b0h0a0N0P010O
p1	1umv0k	rust-pathfinder-v0.1.0	lunatic-v0.1.0	L	P	0J0a0d00040B0I0P0W0B0F0P0k0C0I0Q0B0A0P0O0B0P0H0N0V0L0O
p1	1umv0l	lunatic-v0.1.0	rust-pathfinder-v0.1.0	D	P	0V0O0H00030A090B020D0G080C0905040I060J050107
p1	1umv0m	rust-pathfinder-v0.1.0	lunatic-v0.1.0	L	P	0K0I00070J080E09070L050A0S0B0L0Z0g0C0Z
p1	1umv0n	lunatic-v0.1.0	rust-pathfinder-v0.1.0	D	P	0Y0a0f0D0C0B050A0C0m0J0l0I06040k0H0O0P0B0N0b0C0j0Z0g0h0i000h
p1	1umv0o	rust-pathfinder-v0.1.0	lunatic-v0.1.0	L	P	000k0f0g0X0h0Y0m0l0e0Q07050C0E080J070C0L0d0W0e
p1	1umv0p	lunatic-v0.1.0	rust-pathfinder-v0.1.0	L	P	020F0G0H090G0N08070G0E08000K0M0T0I0S0L0Z0M0a0U0V0b0W0U0c0i030b
p1	1umv0q	rust-pathfinder-v0.1.0	lunatic-v0.1.0	L	P	0B050403010204000J010Q0X0C0A0I0H0P0W0d0O0k0W0e0V0X
p1	1umv0r	lunatic-v0.1.0	rust-pathfinder-v0.1.0	D	P	0D0G0K0X0Y0R0W0Q040X0B0H0I0P0O0N000O070M0L0E0F08090F
p1	1umv0s	rust-pathfinder-v0.1.0	lunatic-v0.1.0	L	P	080U000S0L0E0T0F0L010M0G070a0E0V0h0W0a
p1	1umv0t	lunatic-v0.1.0	rust-pathfinder-v0.1.0	D	P	0G000209080A010D0F070B08040C0I0B
p1	1umv0u	rust-pathfinder-v0.1.0	lunatic-v0.1.0	L	P	0X0E090F0H0G0N020G00010b080Z0U0a0i0c0b
p1	1umv0v	lunatic-v0.1.0	rust-pathfinder-v0.1.0	D	P	0H0Z0c0203040A0301000506010F090G050E09080N070B0G0C0I090B0G0H0J0D0GD-0H0A0I0w
p1	1umv0w	rust-pathfinder-v0.1.0	lunatic-v0.1.0	L	P	04050B03010204000J010Q0X0C0A0I0H0P0W0d0O0k0W0e0V0X
p1	1umv0x	lunatic-v0.1.0	rust-pathfinder-v0.1.0	D	P	0W0c0d0e040d0k0B0I0d0b0a0f0V0U070b0V0Z0B090002030G0N0M0O0i0A0F0L0T0M460X040Y
p1	1umv0y	rust-pathfinder-v0.1.0	lunatic-v0.1.0	L	P	0N0e0U0b0i0Z0b02000107030F0408050G
p1	1umv0z	lunatic-v0.1.0	rust-pathfinder-v0.1.0	D	P	0L0m0g0S0Z070809010S08000A020F010304090305060B05
p1	1umv10	rust-pathfinder-v0.1.0	lunatic-v0.1.0	L	P	020L000N0M0F080T0F0O0a0P0T0h0e0Q0g0Z0b0i030U0S01090Z070b0S0R0Z
p1	1umv11	lunatic-v0.1.0	rust-pathfinder-v0.1.0	D	P	0G02000K07090E0Z0a0b0F0a0c0I0H0J0O0j0V0d0W0P0Q0c0C0e0J0f
p1	1umv12	rust-pathfinder-v0.1.0	lunatic-v0.1.0	L	P	0J0i030g0h070C05040Q020L0B0M010N090O0G0P0U0R0N0a0T0V0a
p1	1umv13	lunatic-v0.1.0	rust-pathfinder-v0.1.0	D	P	0U0K0G0N0L0M000F0E07010F080I0O0P0T0O0J0X0H0A05030C0Q0V0c0Z0a0b0R0d090208
p1	1umv14	rust-pathfinder-v0.1.0	lunatic-v0.1.0	L	P	0507000C0J080B0Q060C0A09040D0I0P010H0W0J0K030D0A0R0C0Y0f0m0B0f
p1	1umv15	lunatic-v0.1.0	rust-pathfinder-v0.1.0	D	P	0T07080901080F0008020A010304090305060B05
p1	1umv16	rust-pathfinder-v0.1.0	lunatic-v0.1.0	D	P	080D010F0M0T0F0S040U0a0V0T0h0b0i0g0Z0b0c0d00020c0e0P0J0Q0X03QC050I0B0C0H0B0Q22Al0X049E1BAF0C0G0PDK0B000Q0H3OUf4S0J0I0G5F0J0Q0W9q03AU04GA0yJw4C041h1F0A4I
p1	1umv17	lunatic-v0.1.0	rust-pathfinder-v0.1.0	D	P	0X0f0e0d050e0l0m0e0k0c0l0j0i0C0j0h0g0J0h
p1	1umv18	rust-pathfinder-v0.1.0	lunatic-v0.1.0	L	P	0J0K0C0I0R0Y0J0X0Q0W0e0S0X050P00060l0m0D0f0B040C05010C
p1	1umv19	lunatic-v0.1.0	rust-pathfinder-v0.1.0	D	P	050Q0L0E070X0S0E0F06000g0h0i080h0j0k0G0j0l0m0H0l
p1	1umv1A	rust-pathfinder-v0.1.0	lunatic-v0.1.0	L	P	0I0N0P0403020600030A0B0C0E0D0K010D090O0B0H0J0A0G0V0c0j0U0c
p1	1umv1B	lunatic-v0.1.0	rust-pathfinder-v0.1.0	D	P	0M03010F080E0F0G0T0F0H0709000N020G0104050804060h0D0B0K0Y0I0P0J0I0Q0R0X50
p1	1umv1C	rust-pathfinder-v0.1.0	lunatic-v0.1.0	L	P	0B0e0a00020E070F0I0P0W0G0O04030d050P0L0N0E08010O0W0V0S0f060P0i04090AEh0C0T0B27
p1	1umv1D	lunatic-v0.1.0	rust-pathfinder-v0.1.0	D	P	080c0a0001020F010304090305060A05
p1	1umv1E	rust-pathfinder-v0.1.0	lunatic-v0.1.0	L	P	0k0A0007040B0I0P050B06080E09070L020F0S0C0L0Z0g0D0Z
p1	1umv1F	lunatic-v0.1.0	rust-pathfinder-v0.1.0	D	P	0I0Z0d0A0B0C040B080901070F080D0J0K06050J0Q0X000E0Q0Y0e0k0H0O0W0X025n
p1	1umv1G	rust-pathfinder-v0.1.0	lunatic-v0.1.0	L	P	030N0O0P0H0O0V0A0O070c08090j0G02010g020h0i0b0U000b
p1	1umv1H	lunatic-v0.1.0	rust-pathfinder-v0.1.0	D	P	0H03000S0T0U0V0M0T0W0F0U010T0V0O0X0J0P0Q0N080b0M0P020F0N0R0C0G09040G0B050D06040C0i0A0I2U
p1	1umv1I	rust-pathfinder-v0.1.0	lunatic-v0.1.0	L	P	0M0V010T0a080F0T0U0h080i0g0S0Z0N0L0b0S
p1	1umv1J	lunatic-v0.1.0	rust-pathfinder-v0.1.0	D	P	090L0N0M020O0G0H0I0F0E0S0N0F0P0A0B01000V0U0T0b0U0W010c0j040c0d0X0k0W0i0Y
p1	1umv1K	rust-pathfinder-v0.1.0	lunatic-v0.1.0	L	P	0G0g040h0k0d0W0B0d0700080109020A090C0O030H050P
p1	1umv1L	lunatic-v0.1.0	rust-pathfinder-v0.1.0	D	P	0U0M0N0O020N0G090N03040i0P0C0L0j0B030D0A0k0l0I0k0h0g0H0h0m0O0e0X0Q0e0R0Y
p1	1umv1M	rust-pathfinder-v0.1.0	lunatic-v0.1.0	L	P	0G0R010L0N0U0b0i090U020M0O0V0H0P0l0Q0E070J0C0K0D0a0T0b0h0U0c0d0W0c0k0j
p1	1umv1N	lunatic-v0.1.0	rust-pathfinder-v0.1.0	D	P	0O0Q030P0A0N0H0G0F0I0J0E0X0c0Q0R0O0Q0M0V0W0d0G0W0T0S0a0U0h0T
p1	1umv1O	rust-pathfinder-v0.1.0	lunatic-v0.1.0	L	P	0c0L0K0M0V0O0H0N0A0O0R0P0Y0D060f0D0X0m0Q0f
p1	1umv1P	lunatic-v0.1.0	rust-pathfinder-v0.1.0	D	P	0Z0Q0L0S0T0U000T030P0A0O0R06050N0C040B0205030D0X0Y0K0W0J
p1	1umv1Q	rust-pathfinder-v0.1.0	lunatic-v0.1.0	L	P	0b0R0E0L0U070N090G08020A090i0g0Z0h0a0T000a
p1	1umv1R	lunatic-v0.1.0	rust-pathfinder-v0.1.0	D	P	0d0P0L020001070E0F0R0S0g0h030Z0i080h0j0k0l0j0c0m0M0l
p1	1umv1S	rust-pathfinder-v0.1.0	lunatic-v0.1.0	L	P	0B02040I0P0W0I0S030T0d0U0k0W0V0O0H0c0j0O0N0G0X000W
p1	1umv1T	lunatic-v0.1.0	rust-pathfinder-v0.1.0	D	P	0m0e0f0K0d0J0I0H040I0E00010G07020801090N030F0A08
p1	1umv1U	rust-pathfinder-v0.1.0	lunatic-v0.1.0	L	P	040c0W0d0k0B0d0e0P0d0I0Z0j0B0V0a0U0c0b0O0M0Q0F0P080i000Y0h010i0709020N0G0E0307
p1	1umv1V	lunatic-v0.1.0	rust-pathfinder-v0.1.0	D	P	0K0C0D060B0504030C04000L070E0F0G080F0M0H0F0N0T0M0A090O02
