# g1-key	source	seed64	light	light-model	dark	dark-model	winner	reason	max-plies
g1_M-7Y4fUuDDhfbX6w_50eDTiPIZhYw32EKs84htE3U4o	s1_g3LfCLvv_eBb68XgH8riNYz2-IfNPOW2UYsEIKVm5zE	1umxKp	rust-pathfinder-v0.3.0	-	rust-pathfinder-teacher-d5-b256-500k-v1	-	-	M	20
g1_M-_mg6oXNP_M-aUs7K_IpcCbWVeo3YrjpSUnij-k7zI	s1_g3LfCLvv_eBb68XgH8riNYz2-IfNPOW2UYsEIKVm5zE	1un0BL	rust-pathfinder-v0.3.0	-	rust-pathfinder-teacher-d5-b256-500k-v1	-	-	M	20
g1_M0CnuOE0bgPwinS8IxgIayw_G-bbG9Vtq4JEeFI9KEA	s1_g3LfCLvv_eBb68XgH8riNYz2-IfNPOW2UYsEIKVm5zE	1um_ob	rust-pathfinder-v0.3.0	-	rust-pathfinder-teacher-d5-b256-500k-v1	-	-	M	20
g1_M0wiJjzFB_rW75lMbT87gLYoOdFqtrAqxQm9hDwsxNA	s1_g3LfCLvv_eBb68XgH8riNYz2-IfNPOW2UYsEIKVm5zE	1umxhx	rust-pathfinder-v0.3.0	-	rust-pathfinder-teacher-d5-b256-500k-v1	-	-	M	20
g1_M1Q6aMhif1kOSJdOIzkgzJLhr38FskPSUBKSpE7xaRk	s1_g3LfCLvv_eBb68XgH8riNYz2-IfNPOW2UYsEIKVm5zE	1umxUX	rust-pathfinder-v0.3.0	-	rust-pathfinder-teacher-d5-b256-500k-v1	-	-	M	20
g1_M1j-9Bx1cN3_6HS9dh4tD5uoHVCTS7A0-DZoGcFa-M0	s1_g3LfCLvv_eBb68XgH8riNYz2-IfNPOW2UYsEIKVm5zE	1umyG8	rust-pathfinder-teacher-d5-b256-500k-v1	-	rust-pathfinder-v0.3.0	-	-	M	20
g1_M2_HPH6V_WNTgrL_101Cs47MkAalmp6wZ1qqUyDnfE4	s1_g3LfCLvv_eBb68XgH8riNYz2-IfNPOW2UYsEIKVm5zE	1umyjI	rust-pathfinder-teacher-d5-b256-500k-v1	-	rust-pathfinder-v0.3.0	-	-	M	20
g1_M3LqaXGfphOcQkxgs7tgZv5Qgc0-456oRwmlxT7MKdI	s1_g3LfCLvv_eBb68XgH8riNYz2-IfNPOW2UYsEIKVm5zE	1umybW	rust-pathfinder-teacher-d5-b256-500k-v1	-	rust-pathfinder-v0.3.0	-	-	M	20
g1_M3bUuJ9Qg0C5CPjIXH3B6RkVNX0m2Jj85R1vFYtB6JM	s1_g3LfCLvv_eBb68XgH8riNYz2-IfNPOW2UYsEIKVm5zE	1umwzP	rust-pathfinder-v0.3.0	-	rust-pathfinder-teacher-d5-b256-500k-v1	-	-	M	20
g1_M4sjZ3tpKZxUWij0sK5bW1LX8H9UMwcUWhphS5bJcxs	s1_g3LfCLvv_eBb68XgH8riNYz2-IfNPOW2UYsEIKVm5zE	1umxe0	rust-pathfinder-teacher-d5-b256-500k-v1	-	rust-pathfinder-v0.3.0	-	-	M	20
g1_M5-S3-70B5wT_qQYCl3OdGc3D_vHN623LVR2GwNC-AM	s1_g3LfCLvv_eBb68XgH8riNYz2-IfNPOW2UYsEIKVm5zE	1umx7N	rust-pathfinder-v0.3.0	-	rust-pathfinder-teacher-d5-b256-500k-v1	-	-	M	20
g1_M5U_vq44IdRrLDc0_lN_yMgxIjptBIVN5tG_YlT5CzM	s1_g3LfCLvv_eBb68XgH8riNYz2-IfNPOW2UYsEIKVm5zE	1umxhi	rust-pathfinder-teacher-d5-b256-500k-v1	-	rust-pathfinder-v0.3.0	-	-	M	20
g1_M6NhkXwnRjYV2FSjuFpdP5M5HWvwZO4yPeD9zrq56gQ	s1_g3LfCLvv_eBb68XgH8riNYz2-IfNPOW2UYsEIKVm5zE	1umyc8	rust-pathfinder-teacher-d5-b256-500k-v1	-	rust-pathfinder-v0.3.0	-	-	M	20
g1_M6xHL3b5zufTNVDC_DcdxYtbNDVm4-0wzOJYma-_QnU	s1_g3LfCLvv_eBb68XgH8riNYz2-IfNPOW2UYsEIKVm5zE	1un05C	rust-pathfinder-teacher-d5-b256-500k-v1	-	rust-pathfinder-v0.3.0	-	-	M	20
g1_M7PDXNbyX01q3F-39qF1OvPLE-6XECQa6pm2kiV8DA8	s1_g3LfCLvv_eBb68XgH8riNYz2-IfNPOW2UYsEIKVm5zE	1umx3d	rust-pathfinder-v0.3.0	-	rust-pathfinder-teacher-d5-b256-500k-v1	-	-	M	20
g1_M7a0mc2L8RU-t1Gv5k33D9dlep2h06HtmbTFV7GMENs	s1_g3LfCLvv_eBb68XgH8riNYz2-IfNPOW2UYsEIKVm5zE	1umx6G	rust-pathfinder-teacher-d5-b256-500k-v1	-	rust-pathfinder-v0.3.0	-	-	M	20
g1_M7oWBxnPLYBxQnYsdsCmiGTTX22UTSFYtCFk8y8DMJM	s1_g3LfCLvv_eBb68XgH8riNYz2-IfNPOW2UYsEIKVm5zE	1umxAj	rust-pathfinder-v0.3.0	-	rust-pathfinder-teacher-d5-b256-500k-v1	-	-	M	20
g1_M9OyQuFZazD80cUkK4elpyzP0wA9JJQRNCloDrf0gxM	s1_g3LfCLvv_eBb68XgH8riNYz2-IfNPOW2UYsEIKVm5zE	1umxo1	rust-pathfinder-v0.3.0	-	rust-pathfinder-teacher-d5-b256-500k-v1	-	-	M	20
g1_M9SZA9HjvfG76fIcoZXe-mHErNCgZawCj-WHIh3h_Mg	s1_g3LfCLvv_eBb68XgH8riNYz2-IfNPOW2UYsEIKVm5zE	1umx4T	rust-pathfinder-v0.3.0	-	rust-pathfinder-teacher-d5-b256-500k-v1	-	-	M	20
g1_M9p0OzCGOfiIZGDIwcssawwy0IU8xJWK-jd10UBc05c	s1_g3LfCLvv_eBb68XgH8riNYz2-IfNPOW2UYsEIKVm5zE	1umx8Z	rust-pathfinder-v0.3.0	-	rust-pathfinder-teacher-d5-b256-500k-v1	-	-	M	20
g1_M9p8t2Z9_cOL9MAu07eFYt7wBh_e048PlGh6cuEJ6U8	s1_g3LfCLvv_eBb68XgH8riNYz2-IfNPOW2UYsEIKVm5zE	1umxfk	rust-pathfinder-teacher-d5-b256-500k-v1	-	rust-pathfinder-v0.3.0	-	-	M	20
g1_MA-G1QMJroQlTVtnJnLFQpPYUF0UXxBx2owp0A5IgLc	s1_g3LfCLvv_eBb68XgH8riNYz2-IfNPOW2UYsEIKVm5zE	1umyDI	rust-pathfinder-teacher-d5-b256-500k-v1	-	rust-pathfinder-v0.3.0	-	-	M	20
g1_MA2GnVJN_GE1uYOpol8Aa5nkOK7QDqQ2VO-yH6-N9ps	s1_g3LfCLvv_eBb68XgH8riNYz2-IfNPOW2UYsEIKVm5zE	1umyA1	rust-pathfinder-v0.3.0	-	rust-pathfinder-teacher-d5-b256-500k-v1	-	-	M	20
g1_MAO8Dac5MWiqNy7DNnwz-Qg5j5jvuAmXGmzUi2590Gk	s1_g3LfCLvv_eBb68XgH8riNYz2-IfNPOW2UYsEIKVm5zE	1umxWJ	rust-pathfinder-v0.3.0	-	rust-pathfinder-teacher-d5-b256-500k-v1	-	-	M	20
g1_MAPxHIWEMlZMH0k3wQD9baDOKirpD3nRKNsln52C7yU	s1_g3LfCLvv_eBb68XgH8riNYz2-IfNPOW2UYsEIKVm5zE	1umxay	rust-pathfinder-teacher-d5-b256-500k-v1	-	rust-pathfinder-v0.3.0	-	-	M	20
g1_MAgOgL8c_zlQ_ev4GpuE4_jfxDXcxq5F7sCtuhC41Vc	s1_g3LfCLvv_eBb68XgH8riNYz2-IfNPOW2UYsEIKVm5zE	1um_zq	rust-pathfinder-teacher-d5-b256-500k-v1	-	rust-pathfinder-v0.3.0	-	-	M	20
g1_MB1wR4iPraewWlfk8qiucK0Zf-Ny7jFZVBkcHt1DA-4	s1_g3LfCLvv_eBb68XgH8riNYz2-IfNPOW2UYsEIKVm5zE	1umxU-	rust-pathfinder-teacher-d5-b256-500k-v1	-	rust-pathfinder-v0.3.0	-	-	M	20
g1_MB6yZ3F6_MHJ_qvEGCLM7TBSxpB_kGvXbjku7fULUvA	s1_g3LfCLvv_eBb68XgH8riNYz2-IfNPOW2UYsEIKVm5zE	1umx61	rust-pathfinder-v0.3.0	-	rust-pathfinder-teacher-d5-b256-500k-v1	-	-	M	20
g1_MB9hJYI5cB0NNLqrby7KxLt2U3qnPdR7bEe7qMwEAgE	s1_g3LfCLvv_eBb68XgH8riNYz2-IfNPOW2UYsEIKVm5zE	1umxU4	rust-pathfinder-teacher-d5-b256-500k-v1	-	rust-pathfinder-v0.3.0	-	-	M	20
g1_MBHFrF8CSKn3RmqiJRyB78vo1Z_dMmjTdZhZD4WakrU	s1_g3LfCLvv_eBb68XgH8riNYz2-IfNPOW2UYsEIKVm5zE	1un02e	rust-pathfinder-teacher-d5-b256-500k-v1	-	rust-pathfinder-v0.3.0	-	-	M	20
g1_MBp6k2oUJ9Cwb9DIDs0nrYXp5OuoQ5yLIT4khePxG5k	s1_g3LfCLvv_eBb68XgH8riNYz2-IfNPOW2UYsEIKVm5zE	1umy8J	rust-pathfinder-v0.3.0	-	rust-pathfinder-teacher-d5-b256-500k-v1	-	-	M	20
g1_MBuCQLd4JP7lNVAFtVTCsEfNfaPw-o_G3ibAMWtWfVw	s1_g3LfCLvv_eBb68XgH8riNYz2-IfNPOW2UYsEIKVm5zE	1umxa_	rust-pathfinder-v0.3.0	-	rust-pathfinder-teacher-d5-b256-500k-v1	-	-	M	20
g1_MBzQ1DUeHoZNq25VNS7iNG2yKljW_EhnSnmal-CPrkA	s1_g3LfCLvv_eBb68XgH8riNYz2-IfNPOW2UYsEIKVm5zE	1umyOk	rust-pathfinder-teacher-d5-b256-500k-v1	-	rust-pathfinder-v0.3.0	-	-	M	20
g1_MDv4ZwuixjtOOQF8AaXGEFd0zssAc3GqVblz6qA7YCQ	s1_g3LfCLvv_eBb68XgH8riNYz2-IfNPOW2UYsEIKVm5zE	1umyHy	rust-pathfinder-teacher-d5-b256-500k-v1	-	rust-pathfinder-v0.3.0	-	-	M	20
g1_ME7X0nG9zzBEj6uiJN3UT_N6keb7i1ikqltgnNnXZ-U	s1_g3LfCLvv_eBb68XgH8riNYz2-IfNPOW2UYsEIKVm5zE	1un04t	rust-pathfinder-v0.3.0	-	rust-pathfinder-teacher-d5-b256-500k-v1	-	-	M	20
g1_MFMatdccEs0ZDzMRrELI0W1rjoF042A4CcrcotaVxsc	s1_g3LfCLvv_eBb68XgH8riNYz2-IfNPOW2UYsEIKVm5zE	1umyr-	rust-pathfinder-teacher-d5-b256-500k-v1	-	rust-pathfinder-v0.3.0	-	-	M	20
g1_MFOEFSI8ty6d1uj4xJuZy3yuQ0yQ5H-9eADPQbUNark	s1_g3LfCLvv_eBb68XgH8riNYz2-IfNPOW2UYsEIKVm5zE	1umyBo	rust-pathfinder-teacher-d5-b256-500k-v1	-	rust-pathfinder-v0.3.0	-	-	M	20
g1_MFOFANeTwKhSzdjt9VMIPZ-CqEWgRFWdVLhazKVMfzQ	s1_g3LfCLvv_eBb68XgH8riNYz2-IfNPOW2UYsEIKVm5zE	1umxhZ	rust-pathfinder-v0.3.0	-	rust-pathfinder-teacher-d5-b256-500k-v1	-	-	M	20
g1_MFdh0sE5gSqjVvKYgqg99OdppMtfN5OVax1_GejxbRQ	s1_g3LfCLvv_eBb68XgH8riNYz2-IfNPOW2UYsEIKVm5zE	1un0H7	rust-pathfinder-v0.3.0	-	rust-pathfinder-teacher-d5-b256-500k-v1	-	-	M	20
g1_MGpCNPyzoLpEcQ235xMU6MmS1aiUwu2UoSZyyrfrEqY	s1_g3LfCLvv_eBb68XgH8riNYz2-IfNPOW2UYsEIKVm5zE	1umyd8	rust-pathfinder-teacher-d5-b256-500k-v1	-	rust-pathfinder-v0.3.0	-	-	M	20
g1_MI-5O0Vjb33UTP_vwr3L6CIPY-Xe7TpJCrhU_J3ljro	s1_g3LfCLvv_eBb68XgH8riNYz2-IfNPOW2UYsEIKVm5zE	1un0A1	rust-pathfinder-v0.3.0	-	rust-pathfinder-teacher-d5-b256-500k-v1	-	-	M	20
g1_MIIbw2RUz4eH_IBqL9kEdcR8wloYAh-bVBdGBey1_qE	s1_g3LfCLvv_eBb68XgH8riNYz2-IfNPOW2UYsEIKVm5zE	1umxgJ	rust-pathfinder-v0.3.0	-	rust-pathfinder-teacher-d5-b256-500k-v1	-	-	M	20
g1_MJgwkB-anHpdHpXmXVWg8ZOC0Y6EBU0WbJIGMkplzTQ	s1_g3LfCLvv_eBb68XgH8riNYz2-IfNPOW2UYsEIKVm5zE	1umyVL	rust-pathfinder-v0.3.0	-	rust-pathfinder-teacher-d5-b256-500k-v1	-	-	M	20
g1_MJhfOO0UyL3NExixutmBCmQjltRkVY9wNZOX4pEiQVs	s1_g3LfCLvv_eBb68XgH8riNYz2-IfNPOW2UYsEIKVm5zE	1umxf7	rust-pathfinder-v0.3.0	-	rust-pathfinder-teacher-d5-b256-500k-v1	-	-	M	20
g1_MJlYQpQm2WJ6jShgB07xdEDCgXPDoh2TORr0ehAdHOk	s1_g3LfCLvv_eBb68XgH8riNYz2-IfNPOW2UYsEIKVm5zE	1um_vw	rust-pathfinder-teacher-d5-b256-500k-v1	-	rust-pathfinder-v0.3.0	-	-	M	20
g1_MKOCRCvVv7cEi1UBIDIN6rcBIc0U2FTErCAMxW1XxdM	s1_g3LfCLvv_eBb68XgH8riNYz2-IfNPOW2UYsEIKVm5zE	1un0HM	rust-pathfinder-teacher-d5-b256-500k-v1	-	rust-pathfinder-v0.3.0	-	-	M	20
g1_MLTlGbcY0mZ_gZbQGo7yubYi0vSHNxq6tkWhc6vmYkc	s1_g3LfCLvv_eBb68XgH8riNYz2-IfNPOW2UYsEIKVm5zE	1umyb6	rust-pathfinder-teacher-d5-b256-500k-v1	-	rust-pathfinder-v0.3.0	-	-	M	20
g1_MLZr0yayelE1szsplFiqTzBxO4jBqsHNHfWVG77wHDg	s1_g3LfCLvv_eBb68XgH8riNYz2-IfNPOW2UYsEIKVm5zE	1umx2W	rust-pathfinder-teacher-d5-b256-500k-v1	-	rust-pathfinder-v0.3.0	-	-	M	20
g1_MMVHHyYrDbBxmdA6UdMjFTlZa5a3CAnTDhhU_3PFe08	s1_g3LfCLvv_eBb68XgH8riNYz2-IfNPOW2UYsEIKVm5zE	1umyey	rust-pathfinder-teacher-d5-b256-500k-v1	-	rust-pathfinder-v0.3.0	-	-	M	20
g1_MMZgO3h9Q-PW6fwRStGX0RO_B2RuUcvpsbNVl9QbZAI	s1_g3LfCLvv_eBb68XgH8riNYz2-IfNPOW2UYsEIKVm5zE	1umxgR	rust-pathfinder-v0.3.0	-	rust-pathfinder-teacher-d5-b256-500k-v1	-	-	M	20
g1_MNG1chkvoyPPNt3fcrGPJcH5kVDwAkEaSGqW0ZE3Smo	s1_g3LfCLvv_eBb68XgH8riNYz2-IfNPOW2UYsEIKVm5zE	1umxA_	rust-pathfinder-v0.3.0	-	rust-pathfinder-teacher-d5-b256-500k-v1	-	-	M	20
g1_MNwNR5mcpxwxeWqqNfx6OZu_RjND1BAef5bM7_EhJho	s1_g3LfCLvv_eBb68XgH8riNYz2-IfNPOW2UYsEIKVm5zE	1umyYK	rust-pathfinder-teacher-d5-b256-500k-v1	-	rust-pathfinder-v0.3.0	-	-	M	20
g1_MPAFX-srdhce5TEsZCxT3HcsjIGj0LqCweEq-bp0VhY	s1_g3LfCLvv_eBb68XgH8riNYz2-IfNPOW2UYsEIKVm5zE	1umxW0	rust-pathfinder-teacher-d5-b256-500k-v1	-	rust-pathfinder-v0.3.0	-	-	M	20
g1_MPmMIyoXsj9ah0s7pwwz7Oou7jN99FqEX9kb_912S9A	s1_g3LfCLvv_eBb68XgH8riNYz2-IfNPOW2UYsEIKVm5zE	1umx9a	rust-pathfinder-teacher-d5-b256-500k-v1	-	rust-pathfinder-v0.3.0	-	-	M	20
g1_MPtAA8rC7blcyylCdwKh8Fe2nNTc4Nd3XgzB7IQlWVk	s1_g3LfCLvv_eBb68XgH8riNYz2-IfNPOW2UYsEIKVm5zE	1umxS-	rust-pathfinder-teacher-d5-b256-500k-v1	-	rust-pathfinder-v0.3.0	-	-	M	20
g1_MQJ83w9-VcKoxgR42n3PcXzsDHaAw6Ofg6c80FBRiUU	s1_g3LfCLvv_eBb68XgH8riNYz2-IfNPOW2UYsEIKVm5zE	1umxlL	rust-pathfinder-v0.3.0	-	rust-pathfinder-teacher-d5-b256-500k-v1	-	-	M	20
g1_MQLjShNFwImS0FS04tz1UY1iq1_B0Ym3YtR4rW5oSnM	s1_g3LfCLvv_eBb68XgH8riNYz2-IfNPOW2UYsEIKVm5zE	1umyVt	rust-pathfinder-v0.3.0	-	rust-pathfinder-teacher-d5-b256-500k-v1	-	-	M	20
g1_MQVcNNbR2kvAaSQ5tBFc5pDmfcgQNcqnPGQCrCZYg_g	s1_g3LfCLvv_eBb68XgH8riNYz2-IfNPOW2UYsEIKVm5zE	1umxOQ	rust-pathfinder-teacher-d5-b256-500k-v1	-	rust-pathfinder-v0.3.0	-	-	M	20
g1_MQf-Av68mLdKdqSLm0SpxEXYC3f2ZYYojFJBZRXmpSE	s1_g3LfCLvv_eBb68XgH8riNYz2-IfNPOW2UYsEIKVm5zE	1umxKC	rust-pathfinder-teacher-d5-b256-500k-v1	-	rust-pathfinder-v0.3.0	-	-	M	20
g1_MS2Jo7HLbPZO9k99D5g02EsXwn-z-vLlF6Qc_gHGxOc	s1_g3LfCLvv_eBb68XgH8riNYz2-IfNPOW2UYsEIKVm5zE	1um_yI	rust-pathfinder-teacher-d5-b256-500k-v1	-	rust-pathfinder-v0.3.0	-	-	M	20
g1_MSxpfN7upljXJdJAuEWRnY07T11X52I0QjtsNbVaaJc	s1_g3LfCLvv_eBb68XgH8riNYz2-IfNPOW2UYsEIKVm5zE	1umxmz	rust-pathfinder-v0.3.0	-	rust-pathfinder-teacher-d5-b256-500k-v1	-	-	M	20
g1_MTCOssBTcjqYpXRU1DIZBqmvkSwH2KjYI4ySc8s6qF4	s1_g3LfCLvv_eBb68XgH8riNYz2-IfNPOW2UYsEIKVm5zE	1umxJL	rust-pathfinder-v0.3.0	-	rust-pathfinder-teacher-d5-b256-500k-v1	-	-	M	20
g1_MTnB-4yZp1530MMpsEC5x7k2oPsMR-OJ8qx3uVRBxbI	s1_g3LfCLvv_eBb68XgH8riNYz2-IfNPOW2UYsEIKVm5zE	1umxGq	rust-pathfinder-teacher-d5-b256-500k-v1	-	rust-pathfinder-v0.3.0	-	-	M	20
g1_MV0oca7nILIFc9TBt6S0bWJHJjFzHy6GjesgADPOMCM	s1_g3LfCLvv_eBb68XgH8riNYz2-IfNPOW2UYsEIKVm5zE	1un05d	rust-pathfinder-v0.3.0	-	rust-pathfinder-teacher-d5-b256-500k-v1	-	-	M	20
g1_MV3ILtFO20q_cwimHZAxSqZYXmA5EY86DNNG2HN5k_s	s1_g3LfCLvv_eBb68XgH8riNYz2-IfNPOW2UYsEIKVm5zE	1um_-W	rust-pathfinder-teacher-d5-b256-500k-v1	-	rust-pathfinder-v0.3.0	-	-	M	20
g1_MVyveWHh7P9mBfAVlsKtSENSv4rEhMNiXp4j1M3g8Mc	s1_g3LfCLvv_eBb68XgH8riNYz2-IfNPOW2UYsEIKVm5zE	1umyB3	rust-pathfinder-v0.3.0	-	rust-pathfinder-teacher-d5-b256-500k-v1	-	-	M	20
g1_MW3OqLa9teZCv8UgjqZp7NOpt_49SFXgTCQ25o4N8Bw	s1_g3LfCLvv_eBb68XgH8riNYz2-IfNPOW2UYsEIKVm5zE	1umy6R	rust-pathfinder-v0.3.0	-	rust-pathfinder-teacher-d5-b256-500k-v1	-	-	M	20
g1_MWEiXJkNG2-RtvNbqT_THxg7gvUCQsplZoqNZ-3LIuc	s1_g3LfCLvv_eBb68XgH8riNYz2-IfNPOW2UYsEIKVm5zE	1umyPB	rust-pathfinder-v0.3.0	-	rust-pathfinder-teacher-d5-b256-500k-v1	-	-	M	20
g1_MX65dZAIrmy8N1RqWD5yT300Yzmyxb3IeiPv04mZAxg	s1_g3LfCLvv_eBb68XgH8riNYz2-IfNPOW2UYsEIKVm5zE	1un03w	rust-pathfinder-teacher-d5-b256-500k-v1	-	rust-pathfinder-v0.3.0	-	-	M	20
g1_MX7XTO7n7H1H1p1vFzsNj7lo_fEt4YB2G3PykGbbRN8	s1_g3LfCLvv_eBb68XgH8riNYz2-IfNPOW2UYsEIKVm5zE	1umylK	rust-pathfinder-teacher-d5-b256-500k-v1	-	rust-pathfinder-v0.3.0	-	-	M	20
g1_MXZwfwxvaBxAT56tysKUaY1JDMxs4hBgyW2LhrNWasg	s1_g3LfCLvv_eBb68XgH8riNYz2-IfNPOW2UYsEIKVm5zE	1umxJq	rust-pathfinder-teacher-d5-b256-500k-v1	-	rust-pathfinder-v0.3.0	-	-	M	20
g1_MXl2qdl-WOxBaGAxg6xYEYQFPUhyJEzE4lSyk6DtZWU	s1_g3LfCLvv_eBb68XgH8riNYz2-IfNPOW2UYsEIKVm5zE	1umxD7	rust-pathfinder-v0.3.0	-	rust-pathfinder-teacher-d5-b256-500k-v1	-	-	M	20
g1_MY6MgBOpSeQk-oPEFCwRcQLG_cN8JDfcb3xVtaHRJZY	s1_g3LfCLvv_eBb68XgH8riNYz2-IfNPOW2UYsEIKVm5zE	1umxRG	rust-pathfinder-teacher-d5-b256-500k-v1	-	rust-pathfinder-v0.3.0	-	-	M	20
g1_MYBRuLYeuoMg46HkL0Iu5h30scYX77F6IMRzj21bBUk	s1_g3LfCLvv_eBb68XgH8riNYz2-IfNPOW2UYsEIKVm5zE	1umxWL	rust-pathfinder-v0.3.0	-	rust-pathfinder-teacher-d5-b256-500k-v1	-	-	M	20
g1_MYJuhx3ax8mFYuUfA_v-ihEUCTOTD-4RSW8HmkRBn7Q	s1_g3LfCLvv_eBb68XgH8riNYz2-IfNPOW2UYsEIKVm5zE	1un0CZ	rust-pathfinder-v0.3.0	-	rust-pathfinder-teacher-d5-b256-500k-v1	-	-	M	20
g1_MYTZpXR9sRd7bXtdrD0ZUz1TXiv6bXWhRktMKLvxmgA	s1_g3LfCLvv_eBb68XgH8riNYz2-IfNPOW2UYsEIKVm5zE	1umxBu	rust-pathfinder-teacher-d5-b256-500k-v1	-	rust-pathfinder-v0.3.0	-	-	M	20
g1_MYXq260f3Q08p9RHgzT6x9-LBt3R4s16xupnef3ugVE	s1_g3LfCLvv_eBb68XgH8riNYz2-IfNPOW2UYsEIKVm5zE	1umxJw	rust-pathfinder-teacher-d5-b256-500k-v1	-	rust-pathfinder-v0.3.0	-	-	M	20
g1_MYhdGZd0LPnxqZry7akHNybsoUPiJmU8qx6AWZwmVUM	s1_g3LfCLvv_eBb68XgH8riNYz2-IfNPOW2UYsEIKVm5zE	1umxMu	rust-pathfinder-teacher-d5-b256-500k-v1	-	rust-pathfinder-v0.3.0	-	-	M	20
g1_MZ45FHE9BEpkEV2GuetA-OjPcGzqPnYkPi5mMnoEK9Y	s1_g3LfCLvv_eBb68XgH8riNYz2-IfNPOW2UYsEIKVm5zE	1umyC2	rust-pathfinder-teacher-d5-b256-500k-v1	-	rust-pathfinder-v0.3.0	-	-	M	20
g1_MZTchSOuFs2UXWe0BgEZy7x87lkQtpcxcxONtZRWUok	s1_g3LfCLvv_eBb68XgH8riNYz2-IfNPOW2UYsEIKVm5zE	1umxbd	rust-pathfinder-v0.3.0	-	rust-pathfinder-teacher-d5-b256-500k-v1	-	-	M	20
g1_M_9kcBvJLjzo1bVceR5eFZYU7TI-aT3qTeWZHeeIPNc	s1_g3LfCLvv_eBb68XgH8riNYz2-IfNPOW2UYsEIKVm5zE	1um_pB	rust-pathfinder-v0.3.0	-	rust-pathfinder-teacher-d5-b256-500k-v1	-	-	M	20
g1_M_UOi2c_hCALTZZAUShaDTH75dtNBQDKxQ5kD3vw-Ls	s1_g3LfCLvv_eBb68XgH8riNYz2-IfNPOW2UYsEIKVm5zE	1umyFT	rust-pathfinder-v0.3.0	-	rust-pathfinder-teacher-d5-b256-500k-v1	-	-	M	20
g1_M_gJ2XGsyMYbLoDugncWj2q7PXbswFitkgPP-Om5Owc	s1_g3LfCLvv_eBb68XgH8riNYz2-IfNPOW2UYsEIKVm5zE	1umxnF	rust-pathfinder-v0.3.0	-	rust-pathfinder-teacher-d5-b256-500k-v1	-	-	M	20
g1_MaCLPXT3Lh03cbI7LV-maYnzROoTTz9RzTIUmLtsGvs	s1_g3LfCLvv_eBb68XgH8riNYz2-IfNPOW2UYsEIKVm5zE	1umypm	rust-pathfinder-teacher-d5-b256-500k-v1	-	rust-pathfinder-v0.3.0	-	-	M	20
g1_MaN5d_ZMMYjjZeuLLUGxYKr7EfS-tKerGfQBItLOFBw	s1_g3LfCLvv_eBb68XgH8riNYz2-IfNPOW2UYsEIKVm5zE	1umx-T	rust-pathfinder-v0.3.0	-	rust-pathfinder-teacher-d5-b256-500k-v1	-	-	M	20
g1_MadX-lkc5zr7o9tCyxz5VNp6n1jCQIPVEqOSUcRK54Q	s1_g3LfCLvv_eBb68XgH8riNYz2-IfNPOW2UYsEIKVm5zE	1umxt-	rust-pathfinder-teacher-d5-b256-500k-v1	-	rust-pathfinder-v0.3.0	-	-	M	20
g1_MawhQAKCQyRwiTNqxsot_SCaHvmh7vsnRVnbM1qu_Mk	s1_g3LfCLvv_eBb68XgH8riNYz2-IfNPOW2UYsEIKVm5zE	1um_vl	rust-pathfinder-v0.3.0	-	rust-pathfinder-teacher-d5-b256-500k-v1	-	-	M	20
g1_Mb0nJqbN-2SdGoCpk4uDVcyUcag_L6ItxMQakwBER-A	s1_g3LfCLvv_eBb68XgH8riNYz2-IfNPOW2UYsEIKVm5zE	1umydk	rust-pathfinder-teacher-d5-b256-500k-v1	-	rust-pathfinder-v0.3.0	-	-	M	20
g1_MbL-bw8vjy-J4bIHW_wJiE4mZ8Zq-mEEb1PrkBuU-PI	s1_g3LfCLvv_eBb68XgH8riNYz2-IfNPOW2UYsEIKVm5zE	1umxcU	rust-pathfinder-teacher-d5-b256-500k-v1	-	rust-pathfinder-v0.3.0	-	-	M	20
g1_McA_IHKQ2KtHUCBML7AyzYu9oxIr9gM2AbxuNf6UzIY	s1_g3LfCLvv_eBb68XgH8riNYz2-IfNPOW2UYsEIKVm5zE	1umyof	rust-pathfinder-v0.3.0	-	rust-pathfinder-teacher-d5-b256-500k-v1	-	-	M	20
g1_McT4M3n88ss8imUmP1aQcRsZa9q5EbXEJ-Xg0EEbJGc	s1_g3LfCLvv_eBb68XgH8riNYz2-IfNPOW2UYsEIKVm5zE	1um_tk	rust-pathfinder-teacher-d5-b256-500k-v1	-	rust-pathfinder-v0.3.0	-	-	M	20
g1_Mcr1vbmMQAG0GNrKhmDENM2bhLhwC0elsurAnXqsbdA	s1_g3LfCLvv_eBb68XgH8riNYz2-IfNPOW2UYsEIKVm5zE	1un019	rust-pathfinder-v0.3.0	-	rust-pathfinder-teacher-d5-b256-500k-v1	-	-	M	20
g1_McrLeuUGx0Ysv6cObS0SjsU2knaJv9iNMbojoG0BYmo	s1_g3LfCLvv_eBb68XgH8riNYz2-IfNPOW2UYsEIKVm5zE	1umyW3	rust-pathfinder-v0.3.0	-	rust-pathfinder-teacher-d5-b256-500k-v1	-	-	M	20
g1_MdDbgbrmuGoXOuhSG42SH_n_qEIVv056NWbwh5VI5gw	s1_g3LfCLvv_eBb68XgH8riNYz2-IfNPOW2UYsEIKVm5zE	1um__f	rust-pathfinder-v0.3.0	-	rust-pathfinder-teacher-d5-b256-500k-v1	-	D	P	20
g1_MdP7xuIuubQuUu8MoBkNcVQcuX46WJYcnZWd6AIsgvg	s1_g3LfCLvv_eBb68XgH8riNYz2-IfNPOW2UYsEIKVm5zE	1umxOc	rust-pathfinder-teacher-d5-b256-500k-v1	-	rust-pathfinder-v0.3.0	-	-	M	20
g1_MdrcHJqsmXDuGuwbxhO_WcAdb6t3c0hLvzEMwkqS6M4	s1_g3LfCLvv_eBb68XgH8riNYz2-IfNPOW2UYsEIKVm5zE	1umyb-	rust-pathfinder-teacher-d5-b256-500k-v1	-	rust-pathfinder-v0.3.0	-	-	M	20
g1_Me-8xu8yDCU4A82ii0xCW1PZylfJd4kt5QYfkoRpK-A	s1_g3LfCLvv_eBb68XgH8riNYz2-IfNPOW2UYsEIKVm5zE	1umxqI	rust-pathfinder-teacher-d5-b256-500k-v1	-	rust-pathfinder-v0.3.0	-	-	M	20
g1_Mf2oLxfw47sTpblTXd0G18g7yBmfw3ApUthQFiDsmkQ	s1_g3LfCLvv_eBb68XgH8riNYz2-IfNPOW2UYsEIKVm5zE	1umyMl	rust-pathfinder-v0.3.0	-	rust-pathfinder-teacher-d5-b256-500k-v1	-	-	M	20
g1_Mf3gTGTu25X7Xg3Ins3l9eOgneNd5rBpRUqWs6H752A	s1_g3LfCLvv_eBb68XgH8riNYz2-IfNPOW2UYsEIKVm5zE	1umxN9	rust-pathfinder-v0.3.0	-	rust-pathfinder-teacher-d5-b256-500k-v1	-	-	M	20
g1_Mgeff7WRCtmrXKmyJrc4TB9hSuBoIyFn9VNzBX0c6W8	s1_g3LfCLvv_eBb68XgH8riNYz2-IfNPOW2UYsEIKVm5zE	1um_sO	rust-pathfinder-teacher-d5-b256-500k-v1	-	rust-pathfinder-v0.3.0	-	-	M	20
g1_MhIcT6s0vrgHBcqsZ9RteARMGEiLrGFbWPblfboCZBI	s1_g3LfCLvv_eBb68XgH8riNYz2-IfNPOW2UYsEIKVm5zE	1umybQ	rust-pathfinder-teacher-d5-b256-500k-v1	-	rust-pathfinder-v0.3.0	-	-	M	20
g1_MhWCAP76XYC98pzL8-S6yv_4clqVYnwaz51bvHVyRik	s1_g3LfCLvv_eBb68XgH8riNYz2-IfNPOW2UYsEIKVm5zE	1umxTv	rust-pathfinder-v0.3.0	-	rust-pathfinder-teacher-d5-b256-500k-v1	-	-	M	20
g1_Mhj0cKEqEDV-2pd5gOQHE4ypqQalr_SJWucEg1pXqOo	s1_g3LfCLvv_eBb68XgH8riNYz2-IfNPOW2UYsEIKVm5zE	1umxcR	rust-pathfinder-v0.3.0	-	rust-pathfinder-teacher-d5-b256-500k-v1	-	-	M	20
g1_Mhrezd_GSAYTEm8gZlY5INmxF0LuuiWQLvggwifRl0Q	s1_g3LfCLvv_eBb68XgH8riNYz2-IfNPOW2UYsEIKVm5zE	1umxNo	rust-pathfinder-teacher-d5-b256-500k-v1	-	rust-pathfinder-v0.3.0	-	-	M	20
g1_Mi_vstn61KmaYyXA9YmbSLNYCJML-b0nAToZQXq524g	s1_g3LfCLvv_eBb68XgH8riNYz2-IfNPOW2UYsEIKVm5zE	1umxK9	rust-pathfinder-v0.3.0	-	rust-pathfinder-teacher-d5-b256-500k-v1	-	-	M	20
g1_MijMpbbaxdtDERmPHwGkMVD1Ea8SnF0rr--G_6rxv1A	s1_g3LfCLvv_eBb68XgH8riNYz2-IfNPOW2UYsEIKVm5zE	1umymw	rust-pathfinder-teacher-d5-b256-500k-v1	-	rust-pathfinder-v0.3.0	-	-	M	20
g1_MirdoiSLNfzb3_Fdu34wviapEACpr7nrJhqqYjpD9Fo	s1_g3LfCLvv_eBb68XgH8riNYz2-IfNPOW2UYsEIKVm5zE	1umxjO	rust-pathfinder-teacher-d5-b256-500k-v1	-	rust-pathfinder-v0.3.0	-	-	M	20
g1_MjEmwvc5mTkHIIwSm8FSP-dOO1aHMU0efpe3oHS8lY0	s1_g3LfCLvv_eBb68XgH8riNYz2-IfNPOW2UYsEIKVm5zE	1um_ua	rust-pathfinder-teacher-d5-b256-500k-v1	-	rust-pathfinder-v0.3.0	-	-	M	20
g1_MjfK9XRTqy_ZmqYsOXZdzAJKcyX6BpYeFfQuEg94X6A	s1_g3LfCLvv_eBb68XgH8riNYz2-IfNPOW2UYsEIKVm5zE	1umxMS	rust-pathfinder-teacher-d5-b256-500k-v1	-	rust-pathfinder-v0.3.0	-	-	M	20
g1_MjnRezjtXorc6S1npDQInBA1Ynjr4ydXAO928oGX5UM	s1_g3LfCLvv_eBb68XgH8riNYz2-IfNPOW2UYsEIKVm5zE	1umxB5	rust-pathfinder-v0.3.0	-	rust-pathfinder-teacher-d5-b256-500k-v1	-	-	M	20
g1_MkGso6VbUvMbZIJGHITNJBvvTZ0tzt-zGdPSyN5xM3E	s1_g3LfCLvv_eBb68XgH8riNYz2-IfNPOW2UYsEIKVm5zE	1um__H	rust-pathfinder-v0.3.0	-	rust-pathfinder-teacher-d5-b256-500k-v1	-	-	M	20
g1_MkXGkIVgv4aj3UXk3nnPL5GLs20DTPg30g3TzBIOjwY	s1_g3LfCLvv_eBb68XgH8riNYz2-IfNPOW2UYsEIKVm5zE	1un0Fc	rust-pathfinder-teacher-d5-b256-500k-v1	-	rust-pathfinder-v0.3.0	-	-	M	20
g1_Ml0RAQU7npNlVk7qXfjf5eircwDLZQKDgZJ-dnn6oEE	s1_g3LfCLvv_eBb68XgH8riNYz2-IfNPOW2UYsEIKVm5zE	1umxpB	rust-pathfinder-v0.3.0	-	rust-pathfinder-teacher-d5-b256-500k-v1	-	-	M	20
g1_MllQqZiOp4P7j5vSAc1IyrJ0jay6lPhSKdcAZi-NdJs	s1_g3LfCLvv_eBb68XgH8riNYz2-IfNPOW2UYsEIKVm5zE	1um_xy	rust-pathfinder-teacher-d5-b256-500k-v1	-	rust-pathfinder-v0.3.0	-	-	M	20
g1_MlosLn4Y1q8qYM9PPRz7KsN29lqnJA2-vdICvxu8brs	s1_g3LfCLvv_eBb68XgH8riNYz2-IfNPOW2UYsEIKVm5zE	1umygf	rust-pathfinder-v0.3.0	-	rust-pathfinder-teacher-d5-b256-500k-v1	-	-	M	20
g1_Mm13upAhvU8EylyI3CJ05lnDBqVtrUP4xHiOnki_Fhc	s1_g3LfCLvv_eBb68XgH8riNYz2-IfNPOW2UYsEIKVm5zE	1umyAt	rust-pathfinder-v0.3.0	-	rust-pathfinder-teacher-d5-b256-500k-v1	-	-	M	20
g1_Mm_ACKoRcDy48N_pxLop1XOOE1jGRel4VbyzDwfnTKk	s1_g3LfCLvv_eBb68XgH8riNYz2-IfNPOW2UYsEIKVm5zE	1umyAF	rust-pathfinder-v0.3.0	-	rust-pathfinder-teacher-d5-b256-500k-v1	-	-	M	20
g1_Mmm6Kyj2lURrZyfITzwwwhQlbQ0qT5PTidq28vz3Rh4	s1_g3LfCLvv_eBb68XgH8riNYz2-IfNPOW2UYsEIKVm5zE	1umy6p	rust-pathfinder-v0.3.0	-	rust-pathfinder-teacher-d5-b256-500k-v1	-	-	M	20
g1_Mn6VkL4ixV_7x_SJmAOQPWECGZ3gG4gB5xUhYKpTHQE	s1_g3LfCLvv_eBb68XgH8riNYz2-IfNPOW2UYsEIKVm5zE	1umyXJ	rust-pathfinder-v0.3.0	-	rust-pathfinder-teacher-d5-b256-500k-v1	-	-	M	20
g1_MnBby6cra3fjk1AqVrySrp3cAbMfZlnTmIpymA_ahb8	s1_g3LfCLvv_eBb68XgH8riNYz2-IfNPOW2UYsEIKVm5zE	1umymM	rust-pathfinder-teacher-d5-b256-500k-v1	-	rust-pathfinder-v0.3.0	-	-	M	20
g1_MnTsbxuEg4v9Yn_COkj_DUdSqQOSxkJR03QFf5OkCpY	s1_g3LfCLvv_eBb68XgH8riNYz2-IfNPOW2UYsEIKVm5zE	1umx2z	rust-pathfinder-v0.3.0	-	rust-pathfinder-teacher-d5-b256-500k-v1	-	-	M	20
g1_MnaonuJ_gbTWac_-qVSnbFOXj46emXXlSilgNxgaLzw	s1_g3LfCLvv_eBb68XgH8riNYz2-IfNPOW2UYsEIKVm5zE	1umx-h	rust-pathfinder-v0.3.0	-	rust-pathfinder-teacher-d5-b256-500k-v1	-	-	M	20
g1_MomBX-xr5fDpyK10wT2fmXz8OICZsRp_sEkT9Wv6CL4	s1_g3LfCLvv_eBb68XgH8riNYz2-IfNPOW2UYsEIKVm5zE	1umxxd	rust-pathfinder-v0.3.0	-	rust-pathfinder-teacher-d5-b256-500k-v1	-	-	M	20
g1_Mp9A7HdsY4jKUBhaf59XycbykvekQ1F1U6xHxjXKHss	s1_g3LfCLvv_eBb68XgH8riNYz2-IfNPOW2UYsEIKVm5zE	1umx82	rust-pathfinder-teacher-d5-b256-500k-v1	-	rust-pathfinder-v0.3.0	-	-	M	20
g1_MpYsFIsPlNbszY_cUNRj8hZaRt96WgcK1-10RUzccaQ	s1_g3LfCLvv_eBb68XgH8riNYz2-IfNPOW2UYsEIKVm5zE	1umyc7	rust-pathfinder-v0.3.0	-	rust-pathfinder-teacher-d5-b256-500k-v1	-	-	M	20
g1_Mq3jiKOIfBo5849SScF9tmBIpgw0vg6sGiPi8dzwVoY	s1_g3LfCLvv_eBb68XgH8riNYz2-IfNPOW2UYsEIKVm5zE	1umx2t	rust-pathfinder-v0.3.0	-	rust-pathfinder-teacher-d5-b256-500k-v1	-	-	M	20
g1_Mr1KIn_9rsCDLbZtOKpUv-Ct7Fi32N7n2DsBlNbsQnA	s1_g3LfCLvv_eBb68XgH8riNYz2-IfNPOW2UYsEIKVm5zE	1umxXS	rust-pathfinder-teacher-d5-b256-500k-v1	-	rust-pathfinder-v0.3.0	-	-	M	20
g1_Mr1hAN2sRA7q-Xky_8fCCmVWshbfh3NG1SYQMff2Vkg	s1_g3LfCLvv_eBb68XgH8riNYz2-IfNPOW2UYsEIKVm5zE	1umyW8	rust-pathfinder-teacher-d5-b256-500k-v1	-	rust-pathfinder-v0.3.0	-	-	M	20
g1_MrQFpOf0j7j_ot9yWknVaPdZSfcqS-JEJbEUbPXroIo	s1_g3LfCLvv_eBb68XgH8riNYz2-IfNPOW2UYsEIKVm5zE	1umylX	rust-pathfinder-v0.3.0	-	rust-pathfinder-teacher-d5-b256-500k-v1	-	-	M	20
g1_MsNpt7l8OytdKYtJRQbqw82FDYVvve2-352QAEY4fbg	s1_g3LfCLvv_eBb68XgH8riNYz2-IfNPOW2UYsEIKVm5zE	1un0DW	rust-pathfinder-teacher-d5-b256-500k-v1	-	rust-pathfinder-v0.3.0	-	-	M	20
g1_MsuzLWvOu_UMrCwuhmTzNm28elCYvB2MtTSjSlUf-rY	s1_g3LfCLvv_eBb68XgH8riNYz2-IfNPOW2UYsEIKVm5zE	1umyZS	rust-pathfinder-teacher-d5-b256-500k-v1	-	rust-pathfinder-v0.3.0	-	-	M	20
g1_MtNISyhfXsR635zRHZtX7wVizAeMe22BwacWDtjV_9Y	s1_g3LfCLvv_eBb68XgH8riNYz2-IfNPOW2UYsEIKVm5zE	1umyMD	rust-pathfinder-v0.3.0	-	rust-pathfinder-teacher-d5-b256-500k-v1	-	-	M	20
g1_MtVtwNegbAqQ0NAls6MYeCaTuBkHx59migWNf5iXSJM	s1_g3LfCLvv_eBb68XgH8riNYz2-IfNPOW2UYsEIKVm5zE	1umy1D	rust-pathfinder-v0.3.0	-	rust-pathfinder-teacher-d5-b256-500k-v1	-	-	M	20
g1_MuFcWHl6ieBKs552s6U6qrio9fVLuUjKlig2f3x1WMo	s1_g3LfCLvv_eBb68XgH8riNYz2-IfNPOW2UYsEIKVm5zE	1umwwX	rust-pathfinder-v0.3.0	-	rust-pathfinder-teacher-d5-b256-500k-v1	-	-	M	20
g1_MuaZU8XiS8RyFBlqewyurDEyOJ4n5ruduzeaZ2KQ6xQ	s1_g3LfCLvv_eBb68XgH8riNYz2-IfNPOW2UYsEIKVm5zE	1umySO	rust-pathfinder-teacher-d5-b256-500k-v1	-	rust-pathfinder-v0.3.0	-	-	M	20
g1_Mv678QNOmF-wCAQo_yhUvg31O3bmPr4HL3pbLk_ZpdI	s1_g3LfCLvv_eBb68XgH8riNYz2-IfNPOW2UYsEIKVm5zE	1umwyW	rust-pathfinder-teacher-d5-b256-500k-v1	-	rust-pathfinder-v0.3.0	-	-	M	20
g1_MvBJlHYxzRGKq-LQDy75wqMBL-i87A2F6YfdR0VQlSM	s1_g3LfCLvv_eBb68XgH8riNYz2-IfNPOW2UYsEIKVm5zE	1umyiO	rust-pathfinder-teacher-d5-b256-500k-v1	-	rust-pathfinder-v0.3.0	-	-	M	20
g1_Mw3S-kymAeDgjw67uUwdSSbjCswKHvOBQZItXv81RNk	s1_g3LfCLvv_eBb68XgH8riNYz2-IfNPOW2UYsEIKVm5zE	1umyCR	rust-pathfinder-v0.3.0	-	rust-pathfinder-teacher-d5-b256-500k-v1	-	-	M	20
g1_MwfqptcDeTv19waDAxbqTPuWWRyDgTvhg4UCdixun_k	s1_g3LfCLvv_eBb68XgH8riNYz2-IfNPOW2UYsEIKVm5zE	1un04L	rust-pathfinder-v0.3.0	-	rust-pathfinder-teacher-d5-b256-500k-v1	-	-	M	20
g1_Mx-_5vbMMOBckUuv7j1yw9S9w07KHAlDB7-Uo7R1iIo	s1_g3LfCLvv_eBb68XgH8riNYz2-IfNPOW2UYsEIKVm5zE	1un0ES	rust-pathfinder-teacher-d5-b256-500k-v1	-	rust-pathfinder-v0.3.0	-	-	M	20
g1_MxIu6_Lyp9Blt_E35x2TUpTEODfRlffjtK6fCn4Fyfo	s1_g3LfCLvv_eBb68XgH8riNYz2-IfNPOW2UYsEIKVm5zE	1umxff	rust-pathfinder-v0.3.0	-	rust-pathfinder-teacher-d5-b256-500k-v1	-	-	M	20
g1_MxNDn8GGnGvY1jCe6RreYYnJvFkBpknbbAsH2T6lHMw	s1_g3LfCLvv_eBb68XgH8riNYz2-IfNPOW2UYsEIKVm5zE	1umx88	rust-pathfinder-teacher-d5-b256-500k-v1	-	rust-pathfinder-v0.3.0	-	-	M	20
g1_Mx_A7odV0PFYuroNJmo-nidcEMC445Ty-4D2_QW0dNA	s1_g3LfCLvv_eBb68XgH8riNYz2-IfNPOW2UYsEIKVm5zE	1umy7E	rust-pathfinder-teacher-d5-b256-500k-v1	-	rust-pathfinder-v0.3.0	-	-	M	20
g1_MxlQdXxedFUKLsHp3grnoipptYbI_uAI744U7LhTlcQ	s1_g3LfCLvv_eBb68XgH8riNYz2-IfNPOW2UYsEIKVm5zE	1un044	rust-pathfinder-teacher-d5-b256-500k-v1	-	rust-pathfinder-v0.3.0	-	-	M	20
g1_MyTOhSAMTL7cKZtE4VlSYmtGA9TMen69alN7a4DKAZ8	s1_g3LfCLvv_eBb68XgH8riNYz2-IfNPOW2UYsEIKVm5zE	1umxMZ	rust-pathfinder-v0.3.0	-	rust-pathfinder-teacher-d5-b256-500k-v1	-	-	M	20
g1_MydCcPZtATRp0GR3Fwrpii_1zasAocnZMEXqjIevoRs	s1_g3LfCLvv_eBb68XgH8riNYz2-IfNPOW2UYsEIKVm5zE	1umx36	rust-pathfinder-teacher-d5-b256-500k-v1	-	rust-pathfinder-v0.3.0	-	-	M	20
